<?xml version="1.0" encoding="UTF-8"?>
<project-private xmlns="http://www.netbeans.org/ns/project-private/1">
    <editor-bookmarks xmlns="http://www.netbeans.org/ns/editor-bookmarks/2" lastBookmarkId="0"/>
    <open-files xmlns="http://www.netbeans.org/ns/projectui-open-files/2">
        <group>
            <file>file:/C:/Users/Invitado/Desktop/exmpl/Proyecto%20facturacion%20e%20inventario/Facturacion/src/facturacion/conexion.java</file>
            <file>file:/C:/Users/Invitado/Desktop/exmpl/Proyecto%20facturacion%20e%20inventario/Facturacion/src/facturacion/interfaz_buscararticulos.java</file>
            <file>file:/C:/Users/Invitado/Desktop/exmpl/Proyecto%20facturacion%20e%20inventario/Facturacion/src/facturacion/Sentencias_sql.java</file>
            <file>file:/C:/Users/Invitado/Desktop/exmpl/Proyecto%20facturacion%20e%20inventario/Facturacion/src/facturacion/Interfaz_articulo.java</file>
        </group>
    </open-files>
</project-private>
